country,alpha_2_code,alpha_3_code,numeric_code,indicator,time_period,obs_value,sex,unit_multiplier,unit_of_measure,observation_status,observation_confidentaility,time_period_activity_related_to_when_the_data_are_collected,current_age
Afghanistan,AF,AFG,4,Percentage of children (aged 24-59 months) with whom any adult household member has engaged in 4 or more activities to provide early stimulation and responsive care in the last 3 days,2023,53.8,Female,,%,Reported,Free,End of fieldwork,24 to 59 months old
Afghanistan,AF,AFG,4,Percentage of children (aged 24-59 months) with whom any adult household member has engaged in 4 or more activities to provide early stimulation and responsive care in the last 3 days,2023,54.1,Male,,%,Reported,Free,End of fieldwork,24 to 59 months old
Afghanistan,AF,AFG,4,Percentage of children (aged 24-59 months) with whom any adult household member has engaged in 4 or more activities to provide early stimulation and responsive care in the last 3 days,2023,54,Total,,%,Reported,Free,End of fieldwork,24 to 59 months old
Albania,AL,ALB,8,Percentage of children (aged 24-59 months) with whom any adult household member has engaged in 4 or more activities to provide early stimulation and responsive care in the last 3 days,2018,80.3,Female,,%,Reanalysed,Free,End of fieldwork,36 to 59 months old
Albania,AL,ALB,8,Percentage of children (aged 24-59 months) with whom any adult household member has engaged in 4 or more activities to provide early stimulation and responsive care in the last 3 days,2018,75.3,Male,,%,Reanalysed,Free,End of fieldwork,36 to 59 months old
Albania,AL,ALB,8,Percentage of children (aged 24-59 months) with whom any adult household member has engaged in 4 or more activities to provide early stimulation and responsive care in the last 3 days,2018,77.8,Total,,%,Reanalysed,Free,End of fieldwork,36 to 59 months old
Algeria,DZ,DZA,12,Percentage of children (aged 24-59 months) with whom any adult household member has engaged in 4 or more activities to provide early stimulation and responsive care in the last 3 days,2019,62.3,Female,,%,Reported,Free,End of fieldwork,24 to 59 months old
Algeria,DZ,DZA,12,Percentage of children (aged 24-59 months) with whom any adult household member has engaged in 4 or more activities to provide early stimulation and responsive care in the last 3 days,2019,60.5,Male,,%,Reported,Free,End of fieldwork,24 to 59 months old
Algeria,DZ,DZA,12,Percentage of children (aged 24-59 months) with whom any adult household member has engaged in 4 or more activities to provide early stimulation and responsive care in the last 3 days,2019,61.4,Total,,%,Reported,Free,End of fieldwork,24 to 59 months old
Argentina,AR,ARG,32,Percentage of children (aged 24-59 months) with whom any adult household member has engaged in 4 or more activities to provide early stimulation and responsive care in the last 3 days,2020,87.6,Female,,%,Reported,Free,End of fieldwork,24 to 59 months old
Argentina,AR,ARG,32,Percentage of children (aged 24-59 months) with whom any adult household member has engaged in 4 or more activities to provide early stimulation and responsive care in the last 3 days,2020,83.2,Male,,%,Reported,Free,End of fieldwork,24 to 59 months old
Argentina,AR,ARG,32,Percentage of children (aged 24-59 months) with whom any adult household member has engaged in 4 or more activities to provide early stimulation and responsive care in the last 3 days,2020,85.3,Total,,%,Reported,Free,End of fieldwork,24 to 59 months old
Azerbaijan,AZ,AZE,31,Percentage of children (aged 24-59 months) with whom any adult household member has engaged in 4 or more activities to provide early stimulation and responsive care in the last 3 days,2023,71.1,Female,,%,Reported,Free,End of fieldwork,24 to 59 months old
Azerbaijan,AZ,AZE,31,Percentage of children (aged 24-59 months) with whom any adult household member has engaged in 4 or more activities to provide early stimulation and responsive care in the last 3 days,2023,65,Male,,%,Reported,Free,End of fieldwork,24 to 59 months old
Azerbaijan,AZ,AZE,31,Percentage of children (aged 24-59 months) with whom any adult household member has engaged in 4 or more activities to provide early stimulation and responsive care in the last 3 days,2023,67.9,Total,,%,Reported,Free,End of fieldwork,24 to 59 months old
Bangladesh,BD,BGD,50,Percentage of children (aged 24-59 months) with whom any adult household member has engaged in 4 or more activities to provide early stimulation and responsive care in the last 3 days,2019,62.9,Female,,%,Reported,Free,End of fieldwork,24 to 59 months old
Bangladesh,BD,BGD,50,Percentage of children (aged 24-59 months) with whom any adult household member has engaged in 4 or more activities to provide early stimulation and responsive care in the last 3 days,2019,62.9,Male,,%,Reported,Free,End of fieldwork,24 to 59 months old
Bangladesh,BD,BGD,50,Percentage of children (aged 24-59 months) with whom any adult household member has engaged in 4 or more activities to provide early stimulation and responsive care in the last 3 days,2019,62.9,Total,,%,Reported,Free,End of fieldwork,24 to 59 months old
Barbados,BB,BRB,52,Percentage of children (aged 24-59 months) with whom any adult household member has engaged in 4 or more activities to provide early stimulation and responsive care in the last 3 days,2012,96.5,Female,,%,Reported,Free,End of fieldwork,36 to 59 months old
Barbados,BB,BRB,52,Percentage of children (aged 24-59 months) with whom any adult household member has engaged in 4 or more activities to provide early stimulation and responsive care in the last 3 days,2012,96.7,Male,,%,Reported,Free,End of fieldwork,36 to 59 months old
Barbados,BB,BRB,52,Percentage of children (aged 24-59 months) with whom any adult household member has engaged in 4 or more activities to provide early stimulation and responsive care in the last 3 days,2012,96.6,Total,,%,Reported,Free,End of fieldwork,36 to 59 months old
Belarus,BY,BLR,112,Percentage of children (aged 24-59 months) with whom any adult household member has engaged in 4 or more activities to provide early stimulation and responsive care in the last 3 days,2019,98.2,Female,,%,Reported,Free,End of fieldwork,24 to 59 months old
Belarus,BY,BLR,112,Percentage of children (aged 24-59 months) with whom any adult household member has engaged in 4 or more activities to provide early stimulation and responsive care in the last 3 days,2019,96.4,Male,,%,Reported,Free,End of fieldwork,24 to 59 months old
Belarus,BY,BLR,112,Percentage of children (aged 24-59 months) with whom any adult household member has engaged in 4 or more activities to provide early stimulation and responsive care in the last 3 days,2019,97.3,Total,,%,Reported,Free,End of fieldwork,24 to 59 months old
Belize,BZ,BLZ,84,Percentage of children (aged 24-59 months) with whom any adult household member has engaged in 4 or more activities to provide early stimulation and responsive care in the last 3 days,2016,86.1,Female,,%,Reported,Free,End of fieldwork,36 to 59 months old
Belize,BZ,BLZ,84,Percentage of children (aged 24-59 months) with whom any adult household member has engaged in 4 or more activities to provide early stimulation and responsive care in the last 3 days,2016,88.9,Male,,%,Reported,Free,End of fieldwork,36 to 59 months old
Belize,BZ,BLZ,84,Percentage of children (aged 24-59 months) with whom any adult household member has engaged in 4 or more activities to provide early stimulation and responsive care in the last 3 days,2016,87.6,Total,,%,Reported,Free,End of fieldwork,36 to 59 months old
Benin,BJ,BEN,204,Percentage of children (aged 24-59 months) with whom any adult household member has engaged in 4 or more activities to provide early stimulation and responsive care in the last 3 days,2018,39.4,Female,,%,Reanalysed,Free,End of fieldwork,36 to 59 months old
Benin,BJ,BEN,204,Percentage of children (aged 24-59 months) with whom any adult household member has engaged in 4 or more activities to provide early stimulation and responsive care in the last 3 days,2018,38.5,Male,,%,Reanalysed,Free,End of fieldwork,36 to 59 months old
Benin,BJ,BEN,204,Percentage of children (aged 24-59 months) with whom any adult household member has engaged in 4 or more activities to provide early stimulation and responsive care in the last 3 days,2018,38.9,Total,,%,Reanalysed,Free,End of fieldwork,36 to 59 months old
Bhutan,BT,BTN,64,Percentage of children (aged 24-59 months) with whom any adult household member has engaged in 4 or more activities to provide early stimulation and responsive care in the last 3 days,2010,56.6,Female,,%,Reported,Free,End of fieldwork,36 to 59 months old
Bhutan,BT,BTN,64,Percentage of children (aged 24-59 months) with whom any adult household member has engaged in 4 or more activities to provide early stimulation and responsive care in the last 3 days,2010,52,Male,,%,Reported,Free,End of fieldwork,36 to 59 months old
Bhutan,BT,BTN,64,Percentage of children (aged 24-59 months) with whom any adult household member has engaged in 4 or more activities to provide early stimulation and responsive care in the last 3 days,2010,54.2,Total,,%,Reported,Free,End of fieldwork,36 to 59 months old
Bosnia and Herzegovina,BA,BIH,70,Percentage of children (aged 24-59 months) with whom any adult household member has engaged in 4 or more activities to provide early stimulation and responsive care in the last 3 days,2012,95.5,Female,,%,Reported,Free,End of fieldwork,36 to 59 months old
Bosnia and Herzegovina,BA,BIH,70,Percentage of children (aged 24-59 months) with whom any adult household member has engaged in 4 or more activities to provide early stimulation and responsive care in the last 3 days,2012,94.7,Male,,%,Reported,Free,End of fieldwork,36 to 59 months old
Bosnia and Herzegovina,BA,BIH,70,Percentage of children (aged 24-59 months) with whom any adult household member has engaged in 4 or more activities to provide early stimulation and responsive care in the last 3 days,2012,95.1,Total,,%,Reported,Free,End of fieldwork,36 to 59 months old
Burkina Faso,BF,BFA,854,Percentage of children (aged 24-59 months) with whom any adult household member has engaged in 4 or more activities to provide early stimulation and responsive care in the last 3 days,2006,14.3,Female,,%,Reanalysed,Free,End of fieldwork,36 to 59 months old
Burkina Faso,BF,BFA,854,Percentage of children (aged 24-59 months) with whom any adult household member has engaged in 4 or more activities to provide early stimulation and responsive care in the last 3 days,2006,13.9,Male,,%,Reanalysed,Free,End of fieldwork,36 to 59 months old
Burkina Faso,BF,BFA,854,Percentage of children (aged 24-59 months) with whom any adult household member has engaged in 4 or more activities to provide early stimulation and responsive care in the last 3 days,2006,14.1,Total,,%,Reanalysed,Free,End of fieldwork,36 to 59 months old
Burundi,BI,BDI,108,Percentage of children (aged 24-59 months) with whom any adult household member has engaged in 4 or more activities to provide early stimulation and responsive care in the last 3 days,2017,58.7,Female,,%,Reanalysed,Free,End of fieldwork,36 to 59 months old
Burundi,BI,BDI,108,Percentage of children (aged 24-59 months) with whom any adult household member has engaged in 4 or more activities to provide early stimulation and responsive care in the last 3 days,2017,57.6,Male,,%,Reanalysed,Free,End of fieldwork,36 to 59 months old
Burundi,BI,BDI,108,Percentage of children (aged 24-59 months) with whom any adult household member has engaged in 4 or more activities to provide early stimulation and responsive care in the last 3 days,2017,58.2,Total,,%,Reanalysed,Free,End of fieldwork,36 to 59 months old
Cambodia,KH,KHM,116,Percentage of children (aged 24-59 months) with whom any adult household member has engaged in 4 or more activities to provide early stimulation and responsive care in the last 3 days,2014,48,Female,,%,Reanalysed,Free,End of fieldwork,36 to 59 months old
Cambodia,KH,KHM,116,Percentage of children (aged 24-59 months) with whom any adult household member has engaged in 4 or more activities to provide early stimulation and responsive care in the last 3 days,2014,42,Male,,%,Reanalysed,Free,End of fieldwork,36 to 59 months old
Cambodia,KH,KHM,116,Percentage of children (aged 24-59 months) with whom any adult household member has engaged in 4 or more activities to provide early stimulation and responsive care in the last 3 days,2014,45,Total,,%,Reanalysed,Free,End of fieldwork,36 to 59 months old
Cameroon,CM,CMR,120,Percentage of children (aged 24-59 months) with whom any adult household member has engaged in 4 or more activities to provide early stimulation and responsive care in the last 3 days,2014,44,Female,,%,Reported,Free,End of fieldwork,36 to 59 months old
Cameroon,CM,CMR,120,Percentage of children (aged 24-59 months) with whom any adult household member has engaged in 4 or more activities to provide early stimulation and responsive care in the last 3 days,2014,44.6,Male,,%,Reported,Free,End of fieldwork,36 to 59 months old
Cameroon,CM,CMR,120,Percentage of children (aged 24-59 months) with whom any adult household member has engaged in 4 or more activities to provide early stimulation and responsive care in the last 3 days,2014,44.3,Total,,%,Reported,Free,End of fieldwork,36 to 59 months old
Central African Republic,CF,CAF,140,Percentage of children (aged 24-59 months) with whom any adult household member has engaged in 4 or more activities to provide early stimulation and responsive care in the last 3 days,2019,26,Female,,%,Reported,Free,End of fieldwork,24 to 59 months old
Central African Republic,CF,CAF,140,Percentage of children (aged 24-59 months) with whom any adult household member has engaged in 4 or more activities to provide early stimulation and responsive care in the last 3 days,2019,27.8,Male,,%,Reported,Free,End of fieldwork,24 to 59 months old
Central African Republic,CF,CAF,140,Percentage of children (aged 24-59 months) with whom any adult household member has engaged in 4 or more activities to provide early stimulation and responsive care in the last 3 days,2019,26.8,Total,,%,Reported,Free,End of fieldwork,24 to 59 months old
Chad,TD,TCD,148,Percentage of children (aged 24-59 months) with whom any adult household member has engaged in 4 or more activities to provide early stimulation and responsive care in the last 3 days,2019,55.4,Female,,%,Reported,Free,End of fieldwork,24 to 59 months old
Chad,TD,TCD,148,Percentage of children (aged 24-59 months) with whom any adult household member has engaged in 4 or more activities to provide early stimulation and responsive care in the last 3 days,2019,54.5,Male,,%,Reported,Free,End of fieldwork,24 to 59 months old
Chad,TD,TCD,148,Percentage of children (aged 24-59 months) with whom any adult household member has engaged in 4 or more activities to provide early stimulation and responsive care in the last 3 days,2019,54.9,Total,,%,Reported,Free,End of fieldwork,24 to 59 months old
Chile,CL,CHL,152,Percentage of children (aged 24-59 months) with whom any adult household member has engaged in 4 or more activities to provide early stimulation and responsive care in the last 3 days,2017,94,Female,,%,Reanalysed,Free,End of fieldwork,24 to 59 months old
Chile,CL,CHL,152,Percentage of children (aged 24-59 months) with whom any adult household member has engaged in 4 or more activities to provide early stimulation and responsive care in the last 3 days,2017,92.7,Male,,%,Reanalysed,Free,End of fieldwork,24 to 59 months old
Chile,CL,CHL,152,Percentage of children (aged 24-59 months) with whom any adult household member has engaged in 4 or more activities to provide early stimulation and responsive care in the last 3 days,2017,93.3,Total,,%,Reanalysed,Free,End of fieldwork,24 to 59 months old
Comoros,KM,COM,174,Percentage of children (aged 24-59 months) with whom any adult household member has engaged in 4 or more activities to provide early stimulation and responsive care in the last 3 days,2022,66.4,Female,,%,Reported,Free,End of fieldwork,24 to 59 months old
Comoros,KM,COM,174,Percentage of children (aged 24-59 months) with whom any adult household member has engaged in 4 or more activities to provide early stimulation and responsive care in the last 3 days,2022,64.1,Male,,%,Reported,Free,End of fieldwork,24 to 59 months old
Comoros,KM,COM,174,Percentage of children (aged 24-59 months) with whom any adult household member has engaged in 4 or more activities to provide early stimulation and responsive care in the last 3 days,2022,65.2,Total,,%,Reported,Free,End of fieldwork,24 to 59 months old
Congo,CG,COG,178,Percentage of children (aged 24-59 months) with whom any adult household member has engaged in 4 or more activities to provide early stimulation and responsive care in the last 3 days,2015,58.4,Female,,%,Reported,Free,End of fieldwork,36 to 59 months old
Congo,CG,COG,178,Percentage of children (aged 24-59 months) with whom any adult household member has engaged in 4 or more activities to provide early stimulation and responsive care in the last 3 days,2015,59,Male,,%,Reported,Free,End of fieldwork,36 to 59 months old
Congo,CG,COG,178,Percentage of children (aged 24-59 months) with whom any adult household member has engaged in 4 or more activities to provide early stimulation and responsive care in the last 3 days,2015,58.7,Total,,%,Reported,Free,End of fieldwork,36 to 59 months old
Costa Rica,CR,CRI,188,Percentage of children (aged 24-59 months) with whom any adult household member has engaged in 4 or more activities to provide early stimulation and responsive care in the last 3 days,2018,76.8,Female,,%,Reported,Free,End of fieldwork,24 to 59 months old
Costa Rica,CR,CRI,188,Percentage of children (aged 24-59 months) with whom any adult household member has engaged in 4 or more activities to provide early stimulation and responsive care in the last 3 days,2018,74.9,Male,,%,Reported,Free,End of fieldwork,24 to 59 months old
Costa Rica,CR,CRI,188,Percentage of children (aged 24-59 months) with whom any adult household member has engaged in 4 or more activities to provide early stimulation and responsive care in the last 3 days,2018,75.8,Total,,%,Reported,Free,End of fieldwork,24 to 59 months old
Cuba,CU,CUB,192,Percentage of children (aged 24-59 months) with whom any adult household member has engaged in 4 or more activities to provide early stimulation and responsive care in the last 3 days,2019,91,Female,,%,Reported,Free,End of fieldwork,24 to 59 months old
Cuba,CU,CUB,192,Percentage of children (aged 24-59 months) with whom any adult household member has engaged in 4 or more activities to provide early stimulation and responsive care in the last 3 days,2019,88.9,Male,,%,Reported,Free,End of fieldwork,24 to 59 months old
Cuba,CU,CUB,192,Percentage of children (aged 24-59 months) with whom any adult household member has engaged in 4 or more activities to provide early stimulation and responsive care in the last 3 days,2019,90,Total,,%,Reported,Free,End of fieldwork,24 to 59 months old
Ivory Coast,CI,CIV,384,Percentage of children (aged 24-59 months) with whom any adult household member has engaged in 4 or more activities to provide early stimulation and responsive care in the last 3 days,2016,28.6,Female,,%,Reported,Free,End of fieldwork,36 to 59 months old
Ivory Coast,CI,CIV,384,Percentage of children (aged 24-59 months) with whom any adult household member has engaged in 4 or more activities to provide early stimulation and responsive care in the last 3 days,2016,28.8,Male,,%,Reported,Free,End of fieldwork,36 to 59 months old
Ivory Coast,CI,CIV,384,Percentage of children (aged 24-59 months) with whom any adult household member has engaged in 4 or more activities to provide early stimulation and responsive care in the last 3 days,2016,28.7,Total,,%,Reported,Free,End of fieldwork,36 to 59 months old
"Korea, Democratic People's Republic of",KP,PRK,408,Percentage of children (aged 24-59 months) with whom any adult household member has engaged in 4 or more activities to provide early stimulation and responsive care in the last 3 days,2017,95.2,Female,,%,Reported,Free,End of fieldwork,24 to 59 months old
"Korea, Democratic People's Republic of",KP,PRK,408,Percentage of children (aged 24-59 months) with whom any adult household member has engaged in 4 or more activities to provide early stimulation and responsive care in the last 3 days,2017,94.4,Male,,%,Reported,Free,End of fieldwork,24 to 59 months old
"Korea, Democratic People's Republic of",KP,PRK,408,Percentage of children (aged 24-59 months) with whom any adult household member has engaged in 4 or more activities to provide early stimulation and responsive care in the last 3 days,2017,94.8,Total,,%,Reported,Free,End of fieldwork,24 to 59 months old
"Congo, the Democratic Republic of the",CD,COD,180,Percentage of children (aged 24-59 months) with whom any adult household member has engaged in 4 or more activities to provide early stimulation and responsive care in the last 3 days,2018,44.2,Female,,%,Reported,Free,End of fieldwork,24 to 59 months old
"Congo, the Democratic Republic of the",CD,COD,180,Percentage of children (aged 24-59 months) with whom any adult household member has engaged in 4 or more activities to provide early stimulation and responsive care in the last 3 days,2018,44.3,Male,,%,Reported,Free,End of fieldwork,24 to 59 months old
"Congo, the Democratic Republic of the",CD,COD,180,Percentage of children (aged 24-59 months) with whom any adult household member has engaged in 4 or more activities to provide early stimulation and responsive care in the last 3 days,2018,44.2,Total,,%,Reported,Free,End of fieldwork,24 to 59 months old
Djibouti,DJ,DJI,262,Percentage of children (aged 24-59 months) with whom any adult household member has engaged in 4 or more activities to provide early stimulation and responsive care in the last 3 days,2012,35,Female,,%,Reported,Free,End of fieldwork,Under 5 years old
Djibouti,DJ,DJI,262,Percentage of children (aged 24-59 months) with whom any adult household member has engaged in 4 or more activities to provide early stimulation and responsive care in the last 3 days,2012,38.2,Male,,%,Reported,Free,End of fieldwork,Under 5 years old
Djibouti,DJ,DJI,262,Percentage of children (aged 24-59 months) with whom any adult household member has engaged in 4 or more activities to provide early stimulation and responsive care in the last 3 days,2012,36.6,Total,,%,Reported,Free,End of fieldwork,Under 5 years old
Dominican Republic,DO,DOM,214,Percentage of children (aged 24-59 months) with whom any adult household member has engaged in 4 or more activities to provide early stimulation and responsive care in the last 3 days,2019,64.7,Female,,%,Reported,Free,End of fieldwork,24 to 59 months old
Dominican Republic,DO,DOM,214,Percentage of children (aged 24-59 months) with whom any adult household member has engaged in 4 or more activities to provide early stimulation and responsive care in the last 3 days,2019,61.2,Male,,%,Reported,Free,End of fieldwork,24 to 59 months old
Dominican Republic,DO,DOM,214,Percentage of children (aged 24-59 months) with whom any adult household member has engaged in 4 or more activities to provide early stimulation and responsive care in the last 3 days,2019,62.9,Total,,%,Reported,Free,End of fieldwork,24 to 59 months old
Ecuador,EC,ECU,218,Percentage of children (aged 24-59 months) with whom any adult household member has engaged in 4 or more activities to provide early stimulation and responsive care in the last 3 days,2024,63.7,Female,,%,Reanalysed,Free,End of fieldwork,24 to 59 months old
Ecuador,EC,ECU,218,Percentage of children (aged 24-59 months) with whom any adult household member has engaged in 4 or more activities to provide early stimulation and responsive care in the last 3 days,2024,61.3,Male,,%,Reanalysed,Free,End of fieldwork,24 to 59 months old
Ecuador,EC,ECU,218,Percentage of children (aged 24-59 months) with whom any adult household member has engaged in 4 or more activities to provide early stimulation and responsive care in the last 3 days,2024,62.5,Total,,%,Reanalysed,Free,End of fieldwork,24 to 59 months old
El Salvador,SV,SLV,222,Percentage of children (aged 24-59 months) with whom any adult household member has engaged in 4 or more activities to provide early stimulation and responsive care in the last 3 days,2021,77.6,Female,,%,Reported,Free,End of fieldwork,24 to 59 months old
El Salvador,SV,SLV,222,Percentage of children (aged 24-59 months) with whom any adult household member has engaged in 4 or more activities to provide early stimulation and responsive care in the last 3 days,2021,72.3,Male,,%,Reported,Free,End of fieldwork,24 to 59 months old
El Salvador,SV,SLV,222,Percentage of children (aged 24-59 months) with whom any adult household member has engaged in 4 or more activities to provide early stimulation and responsive care in the last 3 days,2021,74.9,Total,,%,Reported,Free,End of fieldwork,24 to 59 months old
Swaziland,SZ,SWZ,748,Percentage of children (aged 24-59 months) with whom any adult household member has engaged in 4 or more activities to provide early stimulation and responsive care in the last 3 days,2022,33.1,Female,,%,Reported,Free,End of fieldwork,24 to 59 months old
Swaziland,SZ,SWZ,748,Percentage of children (aged 24-59 months) with whom any adult household member has engaged in 4 or more activities to provide early stimulation and responsive care in the last 3 days,2022,28.2,Male,,%,Reported,Free,End of fieldwork,24 to 59 months old
Swaziland,SZ,SWZ,748,Percentage of children (aged 24-59 months) with whom any adult household member has engaged in 4 or more activities to provide early stimulation and responsive care in the last 3 days,2022,30.7,Total,,%,Reported,Free,End of fieldwork,24 to 59 months old
Fiji,FJ,FJI,242,Percentage of children (aged 24-59 months) with whom any adult household member has engaged in 4 or more activities to provide early stimulation and responsive care in the last 3 days,2021,96.9,Female,,%,Reported,Free,End of fieldwork,24 to 59 months old
Fiji,FJ,FJI,242,Percentage of children (aged 24-59 months) with whom any adult household member has engaged in 4 or more activities to provide early stimulation and responsive care in the last 3 days,2021,97.3,Male,,%,Reported,Free,End of fieldwork,24 to 59 months old
Fiji,FJ,FJI,242,Percentage of children (aged 24-59 months) with whom any adult household member has engaged in 4 or more activities to provide early stimulation and responsive care in the last 3 days,2021,97.1,Total,,%,Reported,Free,End of fieldwork,24 to 59 months old
Gambia,GM,GMB,270,Percentage of children (aged 24-59 months) with whom any adult household member has engaged in 4 or more activities to provide early stimulation and responsive care in the last 3 days,2018,17.9,Female,,%,Reported,Free,End of fieldwork,24 to 59 months old
Gambia,GM,GMB,270,Percentage of children (aged 24-59 months) with whom any adult household member has engaged in 4 or more activities to provide early stimulation and responsive care in the last 3 days,2018,14.8,Male,,%,Reported,Free,End of fieldwork,24 to 59 months old
Gambia,GM,GMB,270,Percentage of children (aged 24-59 months) with whom any adult household member has engaged in 4 or more activities to provide early stimulation and responsive care in the last 3 days,2018,16.3,Total,,%,Reported,Free,End of fieldwork,24 to 59 months old
Georgia,GE,GEO,268,Percentage of children (aged 24-59 months) with whom any adult household member has engaged in 4 or more activities to provide early stimulation and responsive care in the last 3 days,2018,76.7,Female,,%,Reported,Free,End of fieldwork,24 to 59 months old
Georgia,GE,GEO,268,Percentage of children (aged 24-59 months) with whom any adult household member has engaged in 4 or more activities to provide early stimulation and responsive care in the last 3 days,2018,78.5,Male,,%,Reported,Free,End of fieldwork,24 to 59 months old
Georgia,GE,GEO,268,Percentage of children (aged 24-59 months) with whom any adult household member has engaged in 4 or more activities to provide early stimulation and responsive care in the last 3 days,2018,77.6,Total,,%,Reported,Free,End of fieldwork,24 to 59 months old
Ghana,GH,GHA,288,Percentage of children (aged 24-59 months) with whom any adult household member has engaged in 4 or more activities to provide early stimulation and responsive care in the last 3 days,2018,33.3,Female,,%,Reported,Free,End of fieldwork,24 to 59 months old
Ghana,GH,GHA,288,Percentage of children (aged 24-59 months) with whom any adult household member has engaged in 4 or more activities to provide early stimulation and responsive care in the last 3 days,2018,35,Male,,%,Reported,Free,End of fieldwork,24 to 59 months old
Ghana,GH,GHA,288,Percentage of children (aged 24-59 months) with whom any adult household member has engaged in 4 or more activities to provide early stimulation and responsive care in the last 3 days,2018,34.1,Total,,%,Reported,Free,End of fieldwork,24 to 59 months old
Guinea,GN,GIN,324,Percentage of children (aged 24-59 months) with whom any adult household member has engaged in 4 or more activities to provide early stimulation and responsive care in the last 3 days,2016,30.2,Female,,%,Reported,Free,End of fieldwork,36 to 59 months old
Guinea,GN,GIN,324,Percentage of children (aged 24-59 months) with whom any adult household member has engaged in 4 or more activities to provide early stimulation and responsive care in the last 3 days,2016,32.6,Male,,%,Reported,Free,End of fieldwork,36 to 59 months old
Guinea,GN,GIN,324,Percentage of children (aged 24-59 months) with whom any adult household member has engaged in 4 or more activities to provide early stimulation and responsive care in the last 3 days,2016,31.4,Total,,%,Reported,Free,End of fieldwork,36 to 59 months old
Guinea-Bissau,GW,GNB,624,Percentage of children (aged 24-59 months) with whom any adult household member has engaged in 4 or more activities to provide early stimulation and responsive care in the last 3 days,2019,44.1,Female,,%,Reported,Free,End of fieldwork,24 to 59 months old
Guinea-Bissau,GW,GNB,624,Percentage of children (aged 24-59 months) with whom any adult household member has engaged in 4 or more activities to provide early stimulation and responsive care in the last 3 days,2019,42,Male,,%,Reported,Free,End of fieldwork,24 to 59 months old
Guinea-Bissau,GW,GNB,624,Percentage of children (aged 24-59 months) with whom any adult household member has engaged in 4 or more activities to provide early stimulation and responsive care in the last 3 days,2019,43,Total,,%,Reported,Free,End of fieldwork,24 to 59 months old
Guyana,GY,GUY,328,Percentage of children (aged 24-59 months) with whom any adult household member has engaged in 4 or more activities to provide early stimulation and responsive care in the last 3 days,2020,90.5,Female,,%,Reported,Free,End of fieldwork,24 to 59 months old
Guyana,GY,GUY,328,Percentage of children (aged 24-59 months) with whom any adult household member has engaged in 4 or more activities to provide early stimulation and responsive care in the last 3 days,2020,89.9,Male,,%,Reported,Free,End of fieldwork,24 to 59 months old
Guyana,GY,GUY,328,Percentage of children (aged 24-59 months) with whom any adult household member has engaged in 4 or more activities to provide early stimulation and responsive care in the last 3 days,2020,90.2,Total,,%,Reported,Free,End of fieldwork,24 to 59 months old
Haiti,HT,HTI,332,Percentage of children (aged 24-59 months) with whom any adult household member has engaged in 4 or more activities to provide early stimulation and responsive care in the last 3 days,2017,56.9,Female,,%,Reanalysed,Free,End of fieldwork,36 to 59 months old
Haiti,HT,HTI,332,Percentage of children (aged 24-59 months) with whom any adult household member has engaged in 4 or more activities to provide early stimulation and responsive care in the last 3 days,2017,51.8,Male,,%,Reanalysed,Free,End of fieldwork,36 to 59 months old
Haiti,HT,HTI,332,Percentage of children (aged 24-59 months) with whom any adult household member has engaged in 4 or more activities to provide early stimulation and responsive care in the last 3 days,2017,54.2,Total,,%,Reanalysed,Free,End of fieldwork,36 to 59 months old
Honduras,HN,HND,340,Percentage of children (aged 24-59 months) with whom any adult household member has engaged in 4 or more activities to provide early stimulation and responsive care in the last 3 days,2019,37.3,Female,,%,Reported,Free,End of fieldwork,24 to 59 months old
Honduras,HN,HND,340,Percentage of children (aged 24-59 months) with whom any adult household member has engaged in 4 or more activities to provide early stimulation and responsive care in the last 3 days,2019,35.3,Male,,%,Reported,Free,End of fieldwork,24 to 59 months old
Honduras,HN,HND,340,Percentage of children (aged 24-59 months) with whom any adult household member has engaged in 4 or more activities to provide early stimulation and responsive care in the last 3 days,2019,36.2,Total,,%,Reported,Free,End of fieldwork,24 to 59 months old
"Iran, Islamic Republic of",IR,IRN,364,Percentage of children (aged 24-59 months) with whom any adult household member has engaged in 4 or more activities to provide early stimulation and responsive care in the last 3 days,2010,70.2,Female,,%,Reported,Free,End of fieldwork,36 to 59 months old
"Iran, Islamic Republic of",IR,IRN,364,Percentage of children (aged 24-59 months) with whom any adult household member has engaged in 4 or more activities to provide early stimulation and responsive care in the last 3 days,2010,68.8,Male,,%,Reported,Free,End of fieldwork,36 to 59 months old
"Iran, Islamic Republic of",IR,IRN,364,Percentage of children (aged 24-59 months) with whom any adult household member has engaged in 4 or more activities to provide early stimulation and responsive care in the last 3 days,2010,69.5,Total,,%,Reported,Free,End of fieldwork,36 to 59 months old
Iraq,IQ,IRQ,368,Percentage of children (aged 24-59 months) with whom any adult household member has engaged in 4 or more activities to provide early stimulation and responsive care in the last 3 days,2018,45.3,Female,,%,Reported,Free,End of fieldwork,24 to 59 months old
Iraq,IQ,IRQ,368,Percentage of children (aged 24-59 months) with whom any adult household member has engaged in 4 or more activities to provide early stimulation and responsive care in the last 3 days,2018,43.6,Male,,%,Reported,Free,End of fieldwork,24 to 59 months old
Iraq,IQ,IRQ,368,Percentage of children (aged 24-59 months) with whom any adult household member has engaged in 4 or more activities to provide early stimulation and responsive care in the last 3 days,2018,44.4,Total,,%,Reported,Free,End of fieldwork,24 to 59 months old
Jamaica,JM,JAM,388,Percentage of children (aged 24-59 months) with whom any adult household member has engaged in 4 or more activities to provide early stimulation and responsive care in the last 3 days,2022,86.9,Female,,%,Reported,Free,End of fieldwork,24 to 59 months old
Jamaica,JM,JAM,388,Percentage of children (aged 24-59 months) with whom any adult household member has engaged in 4 or more activities to provide early stimulation and responsive care in the last 3 days,2022,83.9,Male,,%,Reported,Free,End of fieldwork,24 to 59 months old
Jamaica,JM,JAM,388,Percentage of children (aged 24-59 months) with whom any adult household member has engaged in 4 or more activities to provide early stimulation and responsive care in the last 3 days,2022,85.3,Total,,%,Reported,Free,End of fieldwork,24 to 59 months old
Jordan,JO,JOR,400,Percentage of children (aged 24-59 months) with whom any adult household member has engaged in 4 or more activities to provide early stimulation and responsive care in the last 3 days,2018,91.3,Female,,%,Reanalysed,Free,End of fieldwork,36 to 59 months old
Jordan,JO,JOR,400,Percentage of children (aged 24-59 months) with whom any adult household member has engaged in 4 or more activities to provide early stimulation and responsive care in the last 3 days,2018,92,Male,,%,Reanalysed,Free,End of fieldwork,36 to 59 months old
Jordan,JO,JOR,400,Percentage of children (aged 24-59 months) with whom any adult household member has engaged in 4 or more activities to provide early stimulation and responsive care in the last 3 days,2018,91.6,Total,,%,Reanalysed,Free,End of fieldwork,36 to 59 months old
Kazakhstan,KZ,KAZ,398,Percentage of children (aged 24-59 months) with whom any adult household member has engaged in 4 or more activities to provide early stimulation and responsive care in the last 3 days,2015,87.2,Female,,%,Reported,Free,End of fieldwork,36 to 59 months old
Kazakhstan,KZ,KAZ,398,Percentage of children (aged 24-59 months) with whom any adult household member has engaged in 4 or more activities to provide early stimulation and responsive care in the last 3 days,2015,84,Male,,%,Reported,Free,End of fieldwork,36 to 59 months old
Kazakhstan,KZ,KAZ,398,Percentage of children (aged 24-59 months) with whom any adult household member has engaged in 4 or more activities to provide early stimulation and responsive care in the last 3 days,2015,85.6,Total,,%,Reported,Free,End of fieldwork,36 to 59 months old
Kiribati,KI,KIR,296,Percentage of children (aged 24-59 months) with whom any adult household member has engaged in 4 or more activities to provide early stimulation and responsive care in the last 3 days,2019,78.7,Female,,%,Reported,Free,End of fieldwork,24 to 59 months old
Kiribati,KI,KIR,296,Percentage of children (aged 24-59 months) with whom any adult household member has engaged in 4 or more activities to provide early stimulation and responsive care in the last 3 days,2019,75.5,Male,,%,Reported,Free,End of fieldwork,24 to 59 months old
Kiribati,KI,KIR,296,Percentage of children (aged 24-59 months) with whom any adult household member has engaged in 4 or more activities to provide early stimulation and responsive care in the last 3 days,2019,77.1,Total,,%,Reported,Free,End of fieldwork,24 to 59 months old
Kyrgyzstan,KG,KGZ,417,Percentage of children (aged 24-59 months) with whom any adult household member has engaged in 4 or more activities to provide early stimulation and responsive care in the last 3 days,2023,85.6,Female,,%,Reported,Free,End of fieldwork,24 to 59 months old
Kyrgyzstan,KG,KGZ,417,Percentage of children (aged 24-59 months) with whom any adult household member has engaged in 4 or more activities to provide early stimulation and responsive care in the last 3 days,2023,86.8,Male,,%,Reported,Free,End of fieldwork,24 to 59 months old
Kyrgyzstan,KG,KGZ,417,Percentage of children (aged 24-59 months) with whom any adult household member has engaged in 4 or more activities to provide early stimulation and responsive care in the last 3 days,2023,86.2,Total,,%,Reported,Free,End of fieldwork,24 to 59 months old
Lao People's Democratic Republic,LA,LAO,418,Percentage of children (aged 24-59 months) with whom any adult household member has engaged in 4 or more activities to provide early stimulation and responsive care in the last 3 days,2023,26.5,Female,,%,Reported,Free,End of fieldwork,24 to 59 months old
Lao People's Democratic Republic,LA,LAO,418,Percentage of children (aged 24-59 months) with whom any adult household member has engaged in 4 or more activities to provide early stimulation and responsive care in the last 3 days,2023,25.7,Male,,%,Reported,Free,End of fieldwork,24 to 59 months old
Lao People's Democratic Republic,LA,LAO,418,Percentage of children (aged 24-59 months) with whom any adult household member has engaged in 4 or more activities to provide early stimulation and responsive care in the last 3 days,2023,26.1,Total,,%,Reported,Free,End of fieldwork,24 to 59 months old
Lebanon,LB,LBN,422,Percentage of children (aged 24-59 months) with whom any adult household member has engaged in 4 or more activities to provide early stimulation and responsive care in the last 3 days,2009,53.9,Female,,%,Reported,Free,End of fieldwork,Under 5 years old
Lebanon,LB,LBN,422,Percentage of children (aged 24-59 months) with whom any adult household member has engaged in 4 or more activities to provide early stimulation and responsive care in the last 3 days,2009,57.8,Male,,%,Reported,Free,End of fieldwork,Under 5 years old
Lebanon,LB,LBN,422,Percentage of children (aged 24-59 months) with whom any adult household member has engaged in 4 or more activities to provide early stimulation and responsive care in the last 3 days,2009,55.8,Total,,%,Reported,Free,End of fieldwork,Under 5 years old
Lesotho,LS,LSO,426,Percentage of children (aged 24-59 months) with whom any adult household member has engaged in 4 or more activities to provide early stimulation and responsive care in the last 3 days,2018,28.5,Female,,%,Reported,Free,End of fieldwork,24 to 59 months old
Lesotho,LS,LSO,426,Percentage of children (aged 24-59 months) with whom any adult household member has engaged in 4 or more activities to provide early stimulation and responsive care in the last 3 days,2018,26.6,Male,,%,Reported,Free,End of fieldwork,24 to 59 months old
Lesotho,LS,LSO,426,Percentage of children (aged 24-59 months) with whom any adult household member has engaged in 4 or more activities to provide early stimulation and responsive care in the last 3 days,2018,27.6,Total,,%,Reported,Free,End of fieldwork,24 to 59 months old
Madagascar,MG,MDG,450,Percentage of children (aged 24-59 months) with whom any adult household member has engaged in 4 or more activities to provide early stimulation and responsive care in the last 3 days,2018,25.6,Female,,%,Reported,Free,End of fieldwork,24 to 59 months old
Madagascar,MG,MDG,450,Percentage of children (aged 24-59 months) with whom any adult household member has engaged in 4 or more activities to provide early stimulation and responsive care in the last 3 days,2018,24.6,Male,,%,Reported,Free,End of fieldwork,24 to 59 months old
Madagascar,MG,MDG,450,Percentage of children (aged 24-59 months) with whom any adult household member has engaged in 4 or more activities to provide early stimulation and responsive care in the last 3 days,2018,25.1,Total,,%,Reported,Free,End of fieldwork,24 to 59 months old
Malawi,MW,MWI,454,Percentage of children (aged 24-59 months) with whom any adult household member has engaged in 4 or more activities to provide early stimulation and responsive care in the last 3 days,2020,37,Female,,%,Reported,Free,End of fieldwork,24 to 59 months old
Malawi,MW,MWI,454,Percentage of children (aged 24-59 months) with whom any adult household member has engaged in 4 or more activities to provide early stimulation and responsive care in the last 3 days,2020,33.7,Male,,%,Reported,Free,End of fieldwork,24 to 59 months old
Malawi,MW,MWI,454,Percentage of children (aged 24-59 months) with whom any adult household member has engaged in 4 or more activities to provide early stimulation and responsive care in the last 3 days,2020,35.4,Total,,%,Reported,Free,End of fieldwork,24 to 59 months old
Malaysia,MY,MYS,458,Percentage of children (aged 24-59 months) with whom any adult household member has engaged in 4 or more activities to provide early stimulation and responsive care in the last 3 days,2016,24.2,Female,,%,Reported,Free,End of fieldwork,36 to 59 months old
Malaysia,MY,MYS,458,Percentage of children (aged 24-59 months) with whom any adult household member has engaged in 4 or more activities to provide early stimulation and responsive care in the last 3 days,2016,24.9,Male,,%,Reported,Free,End of fieldwork,36 to 59 months old
Malaysia,MY,MYS,458,Percentage of children (aged 24-59 months) with whom any adult household member has engaged in 4 or more activities to provide early stimulation and responsive care in the last 3 days,2016,24.6,Total,,%,Reported,Free,End of fieldwork,36 to 59 months old
Maldives,MV,MDV,462,Percentage of children (aged 24-59 months) with whom any adult household member has engaged in 4 or more activities to provide early stimulation and responsive care in the last 3 days,2017,97.3,Female,,%,Reanalysed,Free,End of fieldwork,36 to 59 months old
Maldives,MV,MDV,462,Percentage of children (aged 24-59 months) with whom any adult household member has engaged in 4 or more activities to provide early stimulation and responsive care in the last 3 days,2017,95.6,Male,,%,Reanalysed,Free,End of fieldwork,36 to 59 months old
Maldives,MV,MDV,462,Percentage of children (aged 24-59 months) with whom any adult household member has engaged in 4 or more activities to provide early stimulation and responsive care in the last 3 days,2017,96.4,Total,,%,Reanalysed,Free,End of fieldwork,36 to 59 months old
Mali,ML,MLI,466,Percentage of children (aged 24-59 months) with whom any adult household member has engaged in 4 or more activities to provide early stimulation and responsive care in the last 3 days,2015,54.7,Female,,%,Reported,Free,End of fieldwork,36 to 59 months old
Mali,ML,MLI,466,Percentage of children (aged 24-59 months) with whom any adult household member has engaged in 4 or more activities to provide early stimulation and responsive care in the last 3 days,2015,54.5,Male,,%,Reported,Free,End of fieldwork,36 to 59 months old
Mali,ML,MLI,466,Percentage of children (aged 24-59 months) with whom any adult household member has engaged in 4 or more activities to provide early stimulation and responsive care in the last 3 days,2015,54.6,Total,,%,Reported,Free,End of fieldwork,36 to 59 months old
Marshall Islands,MH,MHL,584,Percentage of children (aged 24-59 months) with whom any adult household member has engaged in 4 or more activities to provide early stimulation and responsive care in the last 3 days,2017,72.7,Female,,%,Reported,Free,End of fieldwork,36 to 59 months old
Marshall Islands,MH,MHL,584,Percentage of children (aged 24-59 months) with whom any adult household member has engaged in 4 or more activities to provide early stimulation and responsive care in the last 3 days,2017,71.8,Male,,%,Reported,Free,End of fieldwork,36 to 59 months old
Marshall Islands,MH,MHL,584,Percentage of children (aged 24-59 months) with whom any adult household member has engaged in 4 or more activities to provide early stimulation and responsive care in the last 3 days,2017,72.3,Total,,%,Reported,Free,End of fieldwork,36 to 59 months old
Mauritania,MR,MRT,478,Percentage of children (aged 24-59 months) with whom any adult household member has engaged in 4 or more activities to provide early stimulation and responsive care in the last 3 days,2015,42,Female,,%,Reported,Free,End of fieldwork,36 to 59 months old
Mauritania,MR,MRT,478,Percentage of children (aged 24-59 months) with whom any adult household member has engaged in 4 or more activities to provide early stimulation and responsive care in the last 3 days,2015,45.8,Male,,%,Reported,Free,End of fieldwork,36 to 59 months old
Mauritania,MR,MRT,478,Percentage of children (aged 24-59 months) with whom any adult household member has engaged in 4 or more activities to provide early stimulation and responsive care in the last 3 days,2015,43.9,Total,,%,Reported,Free,End of fieldwork,36 to 59 months old
Mexico,MX,MEX,484,Percentage of children (aged 24-59 months) with whom any adult household member has engaged in 4 or more activities to provide early stimulation and responsive care in the last 3 days,2023,86.3,Female,,%,Reanalysed,Free,End of fieldwork,24 to 59 months old
Mexico,MX,MEX,484,Percentage of children (aged 24-59 months) with whom any adult household member has engaged in 4 or more activities to provide early stimulation and responsive care in the last 3 days,2023,91,Male,,%,Reanalysed,Free,End of fieldwork,24 to 59 months old
Mexico,MX,MEX,484,Percentage of children (aged 24-59 months) with whom any adult household member has engaged in 4 or more activities to provide early stimulation and responsive care in the last 3 days,2023,88.6,Total,,%,Reanalysed,Free,End of fieldwork,24 to 59 months old
Mongolia,MN,MNG,496,Percentage of children (aged 24-59 months) with whom any adult household member has engaged in 4 or more activities to provide early stimulation and responsive care in the last 3 days,2023,54.2,Female,,%,Reported,Free,End of fieldwork,24 to 59 months old
Mongolia,MN,MNG,496,Percentage of children (aged 24-59 months) with whom any adult household member has engaged in 4 or more activities to provide early stimulation and responsive care in the last 3 days,2023,51.5,Male,,%,Reported,Free,End of fieldwork,24 to 59 months old
Mongolia,MN,MNG,496,Percentage of children (aged 24-59 months) with whom any adult household member has engaged in 4 or more activities to provide early stimulation and responsive care in the last 3 days,2023,52.7,Total,,%,Reported,Free,End of fieldwork,24 to 59 months old
Montenegro,ME,MNE,499,Percentage of children (aged 24-59 months) with whom any adult household member has engaged in 4 or more activities to provide early stimulation and responsive care in the last 3 days,2018,90.6,Female,,%,Reported,Free,End of fieldwork,24 to 59 months old
Montenegro,ME,MNE,499,Percentage of children (aged 24-59 months) with whom any adult household member has engaged in 4 or more activities to provide early stimulation and responsive care in the last 3 days,2018,90.7,Male,,%,Reported,Free,End of fieldwork,24 to 59 months old
Montenegro,ME,MNE,499,Percentage of children (aged 24-59 months) with whom any adult household member has engaged in 4 or more activities to provide early stimulation and responsive care in the last 3 days,2018,90.7,Total,,%,Reported,Free,End of fieldwork,24 to 59 months old
Morocco,MA,MAR,504,Percentage of children (aged 24-59 months) with whom any adult household member has engaged in 4 or more activities to provide early stimulation and responsive care in the last 3 days,2018,36.3,Female,,%,Reported,Free,End of fieldwork,Under 5 years old
Morocco,MA,MAR,504,Percentage of children (aged 24-59 months) with whom any adult household member has engaged in 4 or more activities to provide early stimulation and responsive care in the last 3 days,2018,36.1,Male,,%,Reported,Free,End of fieldwork,Under 5 years old
Morocco,MA,MAR,504,Percentage of children (aged 24-59 months) with whom any adult household member has engaged in 4 or more activities to provide early stimulation and responsive care in the last 3 days,2018,36.2,Total,,%,Reported,Free,End of fieldwork,Under 5 years old
Mozambique,MZ,MOZ,508,Percentage of children (aged 24-59 months) with whom any adult household member has engaged in 4 or more activities to provide early stimulation and responsive care in the last 3 days,2008,48,Female,,%,Reanalysed,Free,End of fieldwork,36 to 59 months old
Mozambique,MZ,MOZ,508,Percentage of children (aged 24-59 months) with whom any adult household member has engaged in 4 or more activities to provide early stimulation and responsive care in the last 3 days,2008,45.1,Male,,%,Reanalysed,Free,End of fieldwork,36 to 59 months old
Mozambique,MZ,MOZ,508,Percentage of children (aged 24-59 months) with whom any adult household member has engaged in 4 or more activities to provide early stimulation and responsive care in the last 3 days,2008,46.6,Total,,%,Reanalysed,Free,End of fieldwork,36 to 59 months old
Myanmar,MM,MMR,104,Percentage of children (aged 24-59 months) with whom any adult household member has engaged in 4 or more activities to provide early stimulation and responsive care in the last 3 days,2016,52.9,Female,,%,Reanalysed,Free,End of fieldwork,36 to 59 months old
Myanmar,MM,MMR,104,Percentage of children (aged 24-59 months) with whom any adult household member has engaged in 4 or more activities to provide early stimulation and responsive care in the last 3 days,2016,51.1,Male,,%,Reanalysed,Free,End of fieldwork,36 to 59 months old
Myanmar,MM,MMR,104,Percentage of children (aged 24-59 months) with whom any adult household member has engaged in 4 or more activities to provide early stimulation and responsive care in the last 3 days,2016,52,Total,,%,Reanalysed,Free,End of fieldwork,36 to 59 months old
Nauru,NR,NRU,520,Percentage of children (aged 24-59 months) with whom any adult household member has engaged in 4 or more activities to provide early stimulation and responsive care in the last 3 days,2023,97.1,Female,,%,Reported,Free,End of fieldwork,24 to 59 months old
Nauru,NR,NRU,520,Percentage of children (aged 24-59 months) with whom any adult household member has engaged in 4 or more activities to provide early stimulation and responsive care in the last 3 days,2023,87.6,Male,,%,Reported,Free,End of fieldwork,24 to 59 months old
Nauru,NR,NRU,520,Percentage of children (aged 24-59 months) with whom any adult household member has engaged in 4 or more activities to provide early stimulation and responsive care in the last 3 days,2023,92.5,Total,,%,Reported,Free,End of fieldwork,24 to 59 months old
Nepal,NP,NPL,524,Percentage of children (aged 24-59 months) with whom any adult household member has engaged in 4 or more activities to provide early stimulation and responsive care in the last 3 days,2019,73.1,Female,,%,Reported,Free,End of fieldwork,24 to 59 months old
Nepal,NP,NPL,524,Percentage of children (aged 24-59 months) with whom any adult household member has engaged in 4 or more activities to provide early stimulation and responsive care in the last 3 days,2019,73.7,Male,,%,Reported,Free,End of fieldwork,24 to 59 months old
Nepal,NP,NPL,524,Percentage of children (aged 24-59 months) with whom any adult household member has engaged in 4 or more activities to provide early stimulation and responsive care in the last 3 days,2019,73.4,Total,,%,Reported,Free,End of fieldwork,24 to 59 months old
Nigeria,NG,NGA,566,Percentage of children (aged 24-59 months) with whom any adult household member has engaged in 4 or more activities to provide early stimulation and responsive care in the last 3 days,2021,53.9,Female,,%,Reported,Free,End of fieldwork,24 to 59 months old
Nigeria,NG,NGA,566,Percentage of children (aged 24-59 months) with whom any adult household member has engaged in 4 or more activities to provide early stimulation and responsive care in the last 3 days,2021,55.7,Male,,%,Reported,Free,End of fieldwork,24 to 59 months old
Nigeria,NG,NGA,566,Percentage of children (aged 24-59 months) with whom any adult household member has engaged in 4 or more activities to provide early stimulation and responsive care in the last 3 days,2021,54.8,Total,,%,Reported,Free,End of fieldwork,24 to 59 months old
"Macedonia, the former Yugoslav Republic of",MK,MKD,807,Percentage of children (aged 24-59 months) with whom any adult household member has engaged in 4 or more activities to provide early stimulation and responsive care in the last 3 days,2019,90.8,Female,,%,Reported,Free,End of fieldwork,24 to 59 months old
"Macedonia, the former Yugoslav Republic of",MK,MKD,807,Percentage of children (aged 24-59 months) with whom any adult household member has engaged in 4 or more activities to provide early stimulation and responsive care in the last 3 days,2019,86.3,Male,,%,Reported,Free,End of fieldwork,24 to 59 months old
"Macedonia, the former Yugoslav Republic of",MK,MKD,807,Percentage of children (aged 24-59 months) with whom any adult household member has engaged in 4 or more activities to provide early stimulation and responsive care in the last 3 days,2019,88.4,Total,,%,Reported,Free,End of fieldwork,24 to 59 months old
Oman,OM,OMN,512,Percentage of children (aged 24-59 months) with whom any adult household member has engaged in 4 or more activities to provide early stimulation and responsive care in the last 3 days,2014,83.8,Female,,%,Reported,Free,End of fieldwork,36 to 59 months old
Oman,OM,OMN,512,Percentage of children (aged 24-59 months) with whom any adult household member has engaged in 4 or more activities to provide early stimulation and responsive care in the last 3 days,2014,77.8,Male,,%,Reported,Free,End of fieldwork,36 to 59 months old
Oman,OM,OMN,512,Percentage of children (aged 24-59 months) with whom any adult household member has engaged in 4 or more activities to provide early stimulation and responsive care in the last 3 days,2014,80.7,Total,,%,Reported,Free,End of fieldwork,36 to 59 months old
Panama,PA,PAN,591,Percentage of children (aged 24-59 months) with whom any adult household member has engaged in 4 or more activities to provide early stimulation and responsive care in the last 3 days,2013,73.9,Female,,%,Reported,Free,End of fieldwork,36 to 59 months old
Panama,PA,PAN,591,Percentage of children (aged 24-59 months) with whom any adult household member has engaged in 4 or more activities to provide early stimulation and responsive care in the last 3 days,2013,73.2,Male,,%,Reported,Free,End of fieldwork,36 to 59 months old
Panama,PA,PAN,591,Percentage of children (aged 24-59 months) with whom any adult household member has engaged in 4 or more activities to provide early stimulation and responsive care in the last 3 days,2013,73.5,Total,,%,Reported,Free,End of fieldwork,36 to 59 months old
Paraguay,PY,PRY,600,Percentage of children (aged 24-59 months) with whom any adult household member has engaged in 4 or more activities to provide early stimulation and responsive care in the last 3 days,2016,65.1,Female,,%,Reported,Free,End of fieldwork,36 to 59 months old
Paraguay,PY,PRY,600,Percentage of children (aged 24-59 months) with whom any adult household member has engaged in 4 or more activities to provide early stimulation and responsive care in the last 3 days,2016,62.4,Male,,%,Reported,Free,End of fieldwork,36 to 59 months old
Paraguay,PY,PRY,600,Percentage of children (aged 24-59 months) with whom any adult household member has engaged in 4 or more activities to provide early stimulation and responsive care in the last 3 days,2016,63.7,Total,,%,Reported,Free,End of fieldwork,36 to 59 months old
Qatar,QA,QAT,634,Percentage of children (aged 24-59 months) with whom any adult household member has engaged in 4 or more activities to provide early stimulation and responsive care in the last 3 days,2023,97,Total,,%,Reported,Free,End of fieldwork,24 to 59 months old
"Moldova, Republic of",MD,MDA,498,Percentage of children (aged 24-59 months) with whom any adult household member has engaged in 4 or more activities to provide early stimulation and responsive care in the last 3 days,2012,92.4,Female,,%,Reported,Free,End of fieldwork,36 to 59 months old
"Moldova, Republic of",MD,MDA,498,Percentage of children (aged 24-59 months) with whom any adult household member has engaged in 4 or more activities to provide early stimulation and responsive care in the last 3 days,2012,86.2,Male,,%,Reported,Free,End of fieldwork,36 to 59 months old
"Moldova, Republic of",MD,MDA,498,Percentage of children (aged 24-59 months) with whom any adult household member has engaged in 4 or more activities to provide early stimulation and responsive care in the last 3 days,2012,89.1,Total,,%,Reported,Free,End of fieldwork,36 to 59 months old
Rwanda,RW,RWA,646,Percentage of children (aged 24-59 months) with whom any adult household member has engaged in 4 or more activities to provide early stimulation and responsive care in the last 3 days,2020,48.9,Female,,%,Reported,Free,End of fieldwork,24 to 59 months old
Rwanda,RW,RWA,646,Percentage of children (aged 24-59 months) with whom any adult household member has engaged in 4 or more activities to provide early stimulation and responsive care in the last 3 days,2020,45.9,Male,,%,Reported,Free,End of fieldwork,24 to 59 months old
Rwanda,RW,RWA,646,Percentage of children (aged 24-59 months) with whom any adult household member has engaged in 4 or more activities to provide early stimulation and responsive care in the last 3 days,2020,47.4,Total,,%,Reported,Free,End of fieldwork,24 to 59 months old
Saint Lucia,LC,LCA,662,Percentage of children (aged 24-59 months) with whom any adult household member has engaged in 4 or more activities to provide early stimulation and responsive care in the last 3 days,2012,96.1,Female,,%,Reported,Free,End of fieldwork,36 to 59 months old
Saint Lucia,LC,LCA,662,Percentage of children (aged 24-59 months) with whom any adult household member has engaged in 4 or more activities to provide early stimulation and responsive care in the last 3 days,2012,89.4,Male,,%,Reported,Free,End of fieldwork,36 to 59 months old
Saint Lucia,LC,LCA,662,Percentage of children (aged 24-59 months) with whom any adult household member has engaged in 4 or more activities to provide early stimulation and responsive care in the last 3 days,2012,92.9,Total,,%,Reported,Free,End of fieldwork,36 to 59 months old
Samoa,WS,WSM,882,Percentage of children (aged 24-59 months) with whom any adult household member has engaged in 4 or more activities to provide early stimulation and responsive care in the last 3 days,2020,87.6,Female,,%,Reported,Free,End of fieldwork,24 to 59 months old
Samoa,WS,WSM,882,Percentage of children (aged 24-59 months) with whom any adult household member has engaged in 4 or more activities to provide early stimulation and responsive care in the last 3 days,2020,85.8,Male,,%,Reported,Free,End of fieldwork,24 to 59 months old
Samoa,WS,WSM,882,Percentage of children (aged 24-59 months) with whom any adult household member has engaged in 4 or more activities to provide early stimulation and responsive care in the last 3 days,2020,86.7,Total,,%,Reported,Free,End of fieldwork,24 to 59 months old
Sao Tome and Principe,ST,STP,678,Percentage of children (aged 24-59 months) with whom any adult household member has engaged in 4 or more activities to provide early stimulation and responsive care in the last 3 days,2019,43.8,Female,,%,Reported,Free,End of fieldwork,24 to 59 months old
Sao Tome and Principe,ST,STP,678,Percentage of children (aged 24-59 months) with whom any adult household member has engaged in 4 or more activities to provide early stimulation and responsive care in the last 3 days,2019,41.6,Male,,%,Reported,Free,End of fieldwork,24 to 59 months old
Sao Tome and Principe,ST,STP,678,Percentage of children (aged 24-59 months) with whom any adult household member has engaged in 4 or more activities to provide early stimulation and responsive care in the last 3 days,2019,42.7,Total,,%,Reported,Free,End of fieldwork,24 to 59 months old
Senegal,SN,SEN,686,Percentage of children (aged 24-59 months) with whom any adult household member has engaged in 4 or more activities to provide early stimulation and responsive care in the last 3 days,2019,21.1,Female,,%,Reported,Free,End of fieldwork,36 to 59 months old
Senegal,SN,SEN,686,Percentage of children (aged 24-59 months) with whom any adult household member has engaged in 4 or more activities to provide early stimulation and responsive care in the last 3 days,2019,18,Male,,%,Reported,Free,End of fieldwork,36 to 59 months old
Senegal,SN,SEN,686,Percentage of children (aged 24-59 months) with whom any adult household member has engaged in 4 or more activities to provide early stimulation and responsive care in the last 3 days,2019,19.5,Total,,%,Reported,Free,End of fieldwork,36 to 59 months old
Serbia,RS,SRB,688,Percentage of children (aged 24-59 months) with whom any adult household member has engaged in 4 or more activities to provide early stimulation and responsive care in the last 3 days,2019,96.5,Female,,%,Reported,Free,End of fieldwork,24 to 59 months old
Serbia,RS,SRB,688,Percentage of children (aged 24-59 months) with whom any adult household member has engaged in 4 or more activities to provide early stimulation and responsive care in the last 3 days,2019,94.7,Male,,%,Reported,Free,End of fieldwork,24 to 59 months old
Serbia,RS,SRB,688,Percentage of children (aged 24-59 months) with whom any adult household member has engaged in 4 or more activities to provide early stimulation and responsive care in the last 3 days,2019,95.6,Total,,%,Reported,Free,End of fieldwork,24 to 59 months old
Sierra Leone,SL,SLE,694,Percentage of children (aged 24-59 months) with whom any adult household member has engaged in 4 or more activities to provide early stimulation and responsive care in the last 3 days,2017,18.8,Female,,%,Reported,Free,End of fieldwork,24 to 59 months old
Sierra Leone,SL,SLE,694,Percentage of children (aged 24-59 months) with whom any adult household member has engaged in 4 or more activities to provide early stimulation and responsive care in the last 3 days,2017,19,Male,,%,Reported,Free,End of fieldwork,24 to 59 months old
Sierra Leone,SL,SLE,694,Percentage of children (aged 24-59 months) with whom any adult household member has engaged in 4 or more activities to provide early stimulation and responsive care in the last 3 days,2017,18.9,Total,,%,Reported,Free,End of fieldwork,24 to 59 months old
Somalia,SO,SOM,706,Percentage of children (aged 24-59 months) with whom any adult household member has engaged in 4 or more activities to provide early stimulation and responsive care in the last 3 days,2006,78.6,Female,,%,Reanalysed,Free,End of fieldwork,36 to 59 months old
Somalia,SO,SOM,706,Percentage of children (aged 24-59 months) with whom any adult household member has engaged in 4 or more activities to provide early stimulation and responsive care in the last 3 days,2006,79.5,Male,,%,Reanalysed,Free,End of fieldwork,36 to 59 months old
Somalia,SO,SOM,706,Percentage of children (aged 24-59 months) with whom any adult household member has engaged in 4 or more activities to provide early stimulation and responsive care in the last 3 days,2006,79.1,Total,,%,Reanalysed,Free,End of fieldwork,36 to 59 months old
Sri Lanka,LK,LKA,144,Percentage of children (aged 24-59 months) with whom any adult household member has engaged in 4 or more activities to provide early stimulation and responsive care in the last 3 days,2019,73.9,Female,,%,Reanalysed,Free,End of fieldwork,24 to 59 months old
Sri Lanka,LK,LKA,144,Percentage of children (aged 24-59 months) with whom any adult household member has engaged in 4 or more activities to provide early stimulation and responsive care in the last 3 days,2019,69.4,Male,,%,Reanalysed,Free,End of fieldwork,24 to 59 months old
Sri Lanka,LK,LKA,144,Percentage of children (aged 24-59 months) with whom any adult household member has engaged in 4 or more activities to provide early stimulation and responsive care in the last 3 days,2019,71.5,Total,,%,Reanalysed,Free,End of fieldwork,24 to 59 months old
"Palestinian Territory, Occupied",PS,PSE,275,Percentage of children (aged 24-59 months) with whom any adult household member has engaged in 4 or more activities to provide early stimulation and responsive care in the last 3 days,2020,76.9,Female,,%,Reported,Free,End of fieldwork,24 to 59 months old
"Palestinian Territory, Occupied",PS,PSE,275,Percentage of children (aged 24-59 months) with whom any adult household member has engaged in 4 or more activities to provide early stimulation and responsive care in the last 3 days,2020,74.9,Male,,%,Reported,Free,End of fieldwork,24 to 59 months old
"Palestinian Territory, Occupied",PS,PSE,275,Percentage of children (aged 24-59 months) with whom any adult household member has engaged in 4 or more activities to provide early stimulation and responsive care in the last 3 days,2020,75.8,Total,,%,Reported,Free,End of fieldwork,24 to 59 months old
Suriname,SR,SUR,740,Percentage of children (aged 24-59 months) with whom any adult household member has engaged in 4 or more activities to provide early stimulation and responsive care in the last 3 days,2018,70.1,Female,,%,Reported,Free,End of fieldwork,24 to 59 months old
Suriname,SR,SUR,740,Percentage of children (aged 24-59 months) with whom any adult household member has engaged in 4 or more activities to provide early stimulation and responsive care in the last 3 days,2018,62.8,Male,,%,Reported,Free,End of fieldwork,24 to 59 months old
Suriname,SR,SUR,740,Percentage of children (aged 24-59 months) with whom any adult household member has engaged in 4 or more activities to provide early stimulation and responsive care in the last 3 days,2018,66.4,Total,,%,Reported,Free,End of fieldwork,24 to 59 months old
Syrian Arab Republic,SY,SYR,760,Percentage of children (aged 24-59 months) with whom any adult household member has engaged in 4 or more activities to provide early stimulation and responsive care in the last 3 days,2006,69.1,Female,,%,Reanalysed,Free,End of fieldwork,36 to 59 months old
Syrian Arab Republic,SY,SYR,760,Percentage of children (aged 24-59 months) with whom any adult household member has engaged in 4 or more activities to provide early stimulation and responsive care in the last 3 days,2006,70,Male,,%,Reanalysed,Free,End of fieldwork,36 to 59 months old
Syrian Arab Republic,SY,SYR,760,Percentage of children (aged 24-59 months) with whom any adult household member has engaged in 4 or more activities to provide early stimulation and responsive care in the last 3 days,2006,69.5,Total,,%,Reanalysed,Free,End of fieldwork,36 to 59 months old
Tajikistan,TJ,TJK,762,Percentage of children (aged 24-59 months) with whom any adult household member has engaged in 4 or more activities to provide early stimulation and responsive care in the last 3 days,2005,74.1,Female,,%,Reanalysed,Free,End of fieldwork,36 to 59 months old
Tajikistan,TJ,TJK,762,Percentage of children (aged 24-59 months) with whom any adult household member has engaged in 4 or more activities to provide early stimulation and responsive care in the last 3 days,2005,72.9,Male,,%,Reanalysed,Free,End of fieldwork,36 to 59 months old
Tajikistan,TJ,TJK,762,Percentage of children (aged 24-59 months) with whom any adult household member has engaged in 4 or more activities to provide early stimulation and responsive care in the last 3 days,2005,73.5,Total,,%,Reanalysed,Free,End of fieldwork,36 to 59 months old
Thailand,TH,THA,764,Percentage of children (aged 24-59 months) with whom any adult household member has engaged in 4 or more activities to provide early stimulation and responsive care in the last 3 days,2022,87.8,Female,,%,Reported,Free,End of fieldwork,24 to 59 months old
Thailand,TH,THA,764,Percentage of children (aged 24-59 months) with whom any adult household member has engaged in 4 or more activities to provide early stimulation and responsive care in the last 3 days,2022,87.9,Male,,%,Reported,Free,End of fieldwork,24 to 59 months old
Thailand,TH,THA,764,Percentage of children (aged 24-59 months) with whom any adult household member has engaged in 4 or more activities to provide early stimulation and responsive care in the last 3 days,2022,87.9,Total,,%,Reported,Free,End of fieldwork,24 to 59 months old
Timor-Leste,TL,TLS,626,Percentage of children (aged 24-59 months) with whom any adult household member has engaged in 4 or more activities to provide early stimulation and responsive care in the last 3 days,2016,79,Female,,%,Reanalysed,Free,End of fieldwork,36 to 47 months old
Timor-Leste,TL,TLS,626,Percentage of children (aged 24-59 months) with whom any adult household member has engaged in 4 or more activities to provide early stimulation and responsive care in the last 3 days,2016,82.5,Male,,%,Reanalysed,Free,End of fieldwork,36 to 47 months old
Timor-Leste,TL,TLS,626,Percentage of children (aged 24-59 months) with whom any adult household member has engaged in 4 or more activities to provide early stimulation and responsive care in the last 3 days,2016,80.8,Total,,%,Reanalysed,Free,End of fieldwork,36 to 47 months old
Togo,TG,TGO,768,Percentage of children (aged 24-59 months) with whom any adult household member has engaged in 4 or more activities to provide early stimulation and responsive care in the last 3 days,2017,19.2,Female,,%,Reported,Free,End of fieldwork,24 to 59 months old
Togo,TG,TGO,768,Percentage of children (aged 24-59 months) with whom any adult household member has engaged in 4 or more activities to provide early stimulation and responsive care in the last 3 days,2017,17.9,Male,,%,Reported,Free,End of fieldwork,24 to 59 months old
Togo,TG,TGO,768,Percentage of children (aged 24-59 months) with whom any adult household member has engaged in 4 or more activities to provide early stimulation and responsive care in the last 3 days,2017,18.5,Total,,%,Reported,Free,End of fieldwork,24 to 59 months old
Tonga,TO,TON,776,Percentage of children (aged 24-59 months) with whom any adult household member has engaged in 4 or more activities to provide early stimulation and responsive care in the last 3 days,2019,88.5,Female,,%,Reported,Free,End of fieldwork,24 to 59 months old
Tonga,TO,TON,776,Percentage of children (aged 24-59 months) with whom any adult household member has engaged in 4 or more activities to provide early stimulation and responsive care in the last 3 days,2019,87.4,Male,,%,Reported,Free,End of fieldwork,24 to 59 months old
Tonga,TO,TON,776,Percentage of children (aged 24-59 months) with whom any adult household member has engaged in 4 or more activities to provide early stimulation and responsive care in the last 3 days,2019,87.9,Total,,%,Reported,Free,End of fieldwork,24 to 59 months old
Trinidad and Tobago,TT,TTO,780,Percentage of children (aged 24-59 months) with whom any adult household member has engaged in 4 or more activities to provide early stimulation and responsive care in the last 3 days,2022,86.8,Female,,%,Reported,Free,End of fieldwork,24 to 59 months old
Trinidad and Tobago,TT,TTO,780,Percentage of children (aged 24-59 months) with whom any adult household member has engaged in 4 or more activities to provide early stimulation and responsive care in the last 3 days,2022,85.8,Male,,%,Reported,Free,End of fieldwork,24 to 59 months old
Trinidad and Tobago,TT,TTO,780,Percentage of children (aged 24-59 months) with whom any adult household member has engaged in 4 or more activities to provide early stimulation and responsive care in the last 3 days,2022,86.3,Total,,%,Reported,Free,End of fieldwork,24 to 59 months old
Tunisia,TN,TUN,788,Percentage of children (aged 24-59 months) with whom any adult household member has engaged in 4 or more activities to provide early stimulation and responsive care in the last 3 days,2023,81.7,Female,,%,Reported,Free,End of fieldwork,24 to 59 months old
Tunisia,TN,TUN,788,Percentage of children (aged 24-59 months) with whom any adult household member has engaged in 4 or more activities to provide early stimulation and responsive care in the last 3 days,2023,78.9,Male,,%,Reported,Free,End of fieldwork,24 to 59 months old
Tunisia,TN,TUN,788,Percentage of children (aged 24-59 months) with whom any adult household member has engaged in 4 or more activities to provide early stimulation and responsive care in the last 3 days,2023,80.3,Total,,%,Reported,Free,End of fieldwork,24 to 59 months old
Turkmenistan,TM,TKM,795,Percentage of children (aged 24-59 months) with whom any adult household member has engaged in 4 or more activities to provide early stimulation and responsive care in the last 3 days,2019,90.1,Female,,%,Reported,Free,End of fieldwork,24 to 59 months old
Turkmenistan,TM,TKM,795,Percentage of children (aged 24-59 months) with whom any adult household member has engaged in 4 or more activities to provide early stimulation and responsive care in the last 3 days,2019,89.6,Male,,%,Reported,Free,End of fieldwork,24 to 59 months old
Turkmenistan,TM,TKM,795,Percentage of children (aged 24-59 months) with whom any adult household member has engaged in 4 or more activities to provide early stimulation and responsive care in the last 3 days,2019,89.8,Total,,%,Reported,Free,End of fieldwork,24 to 59 months old
Turks and Caicos Islands,TC,TCA,796,Percentage of children (aged 24-59 months) with whom any adult household member has engaged in 4 or more activities to provide early stimulation and responsive care in the last 3 days,2020,88.3,Female,,%,Reported,Free,End of fieldwork,24 to 59 months old
Turks and Caicos Islands,TC,TCA,796,Percentage of children (aged 24-59 months) with whom any adult household member has engaged in 4 or more activities to provide early stimulation and responsive care in the last 3 days,2020,86.1,Male,,%,Reported,Free,End of fieldwork,24 to 59 months old
Turks and Caicos Islands,TC,TCA,796,Percentage of children (aged 24-59 months) with whom any adult household member has engaged in 4 or more activities to provide early stimulation and responsive care in the last 3 days,2020,87.3,Total,,%,Reported,Free,End of fieldwork,24 to 59 months old
Tuvalu,TV,TUV,798,Percentage of children (aged 24-59 months) with whom any adult household member has engaged in 4 or more activities to provide early stimulation and responsive care in the last 3 days,2020,87.5,Female,,%,Reported,Free,End of fieldwork,24 to 59 months old
Tuvalu,TV,TUV,798,Percentage of children (aged 24-59 months) with whom any adult household member has engaged in 4 or more activities to provide early stimulation and responsive care in the last 3 days,2020,87.3,Male,,%,Reported,Free,End of fieldwork,24 to 59 months old
Tuvalu,TV,TUV,798,Percentage of children (aged 24-59 months) with whom any adult household member has engaged in 4 or more activities to provide early stimulation and responsive care in the last 3 days,2020,87.4,Total,,%,Reported,Free,End of fieldwork,24 to 59 months old
Turkey,TR,TUR,792,Percentage of children (aged 24-59 months) with whom any adult household member has engaged in 4 or more activities to provide early stimulation and responsive care in the last 3 days,2022,74.7,Female,,%,Reanalysed,Free,End of fieldwork,24 to 59 months old
Turkey,TR,TUR,792,Percentage of children (aged 24-59 months) with whom any adult household member has engaged in 4 or more activities to provide early stimulation and responsive care in the last 3 days,2022,69.9,Male,,%,Reanalysed,Free,End of fieldwork,24 to 59 months old
Turkey,TR,TUR,792,Percentage of children (aged 24-59 months) with whom any adult household member has engaged in 4 or more activities to provide early stimulation and responsive care in the last 3 days,2022,72.2,Total,,%,Reanalysed,Free,End of fieldwork,24 to 59 months old
Uganda,UG,UGA,800,Percentage of children (aged 24-59 months) with whom any adult household member has engaged in 4 or more activities to provide early stimulation and responsive care in the last 3 days,2016,54.9,Female,,%,Reanalysed,Free,End of fieldwork,36 to 59 months old
Uganda,UG,UGA,800,Percentage of children (aged 24-59 months) with whom any adult household member has engaged in 4 or more activities to provide early stimulation and responsive care in the last 3 days,2016,50.7,Male,,%,Reanalysed,Free,End of fieldwork,36 to 59 months old
Uganda,UG,UGA,800,Percentage of children (aged 24-59 months) with whom any adult household member has engaged in 4 or more activities to provide early stimulation and responsive care in the last 3 days,2016,52.8,Total,,%,Reanalysed,Free,End of fieldwork,36 to 59 months old
Ukraine,UA,UKR,804,Percentage of children (aged 24-59 months) with whom any adult household member has engaged in 4 or more activities to provide early stimulation and responsive care in the last 3 days,2012,97.7,Female,,%,Reported,Free,End of fieldwork,36 to 59 months old
Ukraine,UA,UKR,804,Percentage of children (aged 24-59 months) with whom any adult household member has engaged in 4 or more activities to provide early stimulation and responsive care in the last 3 days,2012,97.2,Male,,%,Reported,Free,End of fieldwork,36 to 59 months old
Ukraine,UA,UKR,804,Percentage of children (aged 24-59 months) with whom any adult household member has engaged in 4 or more activities to provide early stimulation and responsive care in the last 3 days,2012,97.5,Total,,%,Reported,Free,End of fieldwork,36 to 59 months old
Uruguay,UY,URY,858,Percentage of children (aged 24-59 months) with whom any adult household member has engaged in 4 or more activities to provide early stimulation and responsive care in the last 3 days,2013,91.2,Female,,%,Reported,Free,End of fieldwork,36 to 59 months old
Uruguay,UY,URY,858,Percentage of children (aged 24-59 months) with whom any adult household member has engaged in 4 or more activities to provide early stimulation and responsive care in the last 3 days,2013,93.7,Male,,%,Reported,Free,End of fieldwork,36 to 59 months old
Uruguay,UY,URY,858,Percentage of children (aged 24-59 months) with whom any adult household member has engaged in 4 or more activities to provide early stimulation and responsive care in the last 3 days,2013,92.6,Total,,%,Reported,Free,End of fieldwork,36 to 59 months old
Uzbekistan,UZ,UZB,860,Percentage of children (aged 24-59 months) with whom any adult household member has engaged in 4 or more activities to provide early stimulation and responsive care in the last 3 days,2022,77.4,Female,,%,Reported,Free,End of fieldwork,24 to 59 months old
Uzbekistan,UZ,UZB,860,Percentage of children (aged 24-59 months) with whom any adult household member has engaged in 4 or more activities to provide early stimulation and responsive care in the last 3 days,2022,77.8,Male,,%,Reported,Free,End of fieldwork,24 to 59 months old
Uzbekistan,UZ,UZB,860,Percentage of children (aged 24-59 months) with whom any adult household member has engaged in 4 or more activities to provide early stimulation and responsive care in the last 3 days,2022,77.6,Total,,%,Reported,Free,End of fieldwork,24 to 59 months old
Vanuatu,VU,VUT,548,Percentage of children (aged 24-59 months) with whom any adult household member has engaged in 4 or more activities to provide early stimulation and responsive care in the last 3 days,2023,87,Female,,%,Reported,Free,End of fieldwork,24 to 59 months old
Vanuatu,VU,VUT,548,Percentage of children (aged 24-59 months) with whom any adult household member has engaged in 4 or more activities to provide early stimulation and responsive care in the last 3 days,2023,84.9,Male,,%,Reported,Free,End of fieldwork,24 to 59 months old
Vanuatu,VU,VUT,548,Percentage of children (aged 24-59 months) with whom any adult household member has engaged in 4 or more activities to provide early stimulation and responsive care in the last 3 days,2023,85.9,Total,,%,Reported,Free,End of fieldwork,24 to 59 months old
Viet Nam,VN,VNM,704,Percentage of children (aged 24-59 months) with whom any adult household member has engaged in 4 or more activities to provide early stimulation and responsive care in the last 3 days,2021,66,Female,,%,Reported,Free,End of fieldwork,24 to 59 months old
Viet Nam,VN,VNM,704,Percentage of children (aged 24-59 months) with whom any adult household member has engaged in 4 or more activities to provide early stimulation and responsive care in the last 3 days,2021,63.8,Male,,%,Reported,Free,End of fieldwork,24 to 59 months old
Viet Nam,VN,VNM,704,Percentage of children (aged 24-59 months) with whom any adult household member has engaged in 4 or more activities to provide early stimulation and responsive care in the last 3 days,2021,64.8,Total,,%,Reported,Free,End of fieldwork,24 to 59 months old
Yemen,YE,YEM,887,Percentage of children (aged 24-59 months) with whom any adult household member has engaged in 4 or more activities to provide early stimulation and responsive care in the last 3 days,2006,32,Female,,%,Reanalysed,Free,End of fieldwork,36 to 59 months old
Yemen,YE,YEM,887,Percentage of children (aged 24-59 months) with whom any adult household member has engaged in 4 or more activities to provide early stimulation and responsive care in the last 3 days,2006,34.1,Male,,%,Reanalysed,Free,End of fieldwork,36 to 59 months old
Yemen,YE,YEM,887,Percentage of children (aged 24-59 months) with whom any adult household member has engaged in 4 or more activities to provide early stimulation and responsive care in the last 3 days,2006,33.1,Total,,%,Reanalysed,Free,End of fieldwork,36 to 59 months old
Zimbabwe,ZW,ZWE,716,Percentage of children (aged 24-59 months) with whom any adult household member has engaged in 4 or more activities to provide early stimulation and responsive care in the last 3 days,2019,37.2,Female,,%,Reported,Free,End of fieldwork,24 to 59 months old
Zimbabwe,ZW,ZWE,716,Percentage of children (aged 24-59 months) with whom any adult household member has engaged in 4 or more activities to provide early stimulation and responsive care in the last 3 days,2019,37.5,Male,,%,Reported,Free,End of fieldwork,24 to 59 months old
Zimbabwe,ZW,ZWE,716,Percentage of children (aged 24-59 months) with whom any adult household member has engaged in 4 or more activities to provide early stimulation and responsive care in the last 3 days,2019,37.4,Total,,%,Reported,Free,End of fieldwork,24 to 59 months old
